{"total_loss": [1011.4957171057025, 902.4983598758013], "reconstruction_loss": [601.94482552292, 604.9608402089176], "sparsity_loss": [409.5508834969284, 297.53751679770966]}